Model,Accuracy,F1-macro,ROC-AUC,CV F1 (5-fold),Score
RandomForest (baseline),0.7559,0.7564,0.908,0.7466,0.81704
LightGBM,0.7402,0.7399,0.8888,0.7066,0.7994600000000001
XGBoost,0.7165,0.7161,0.8926,0.7124,0.7867
