Model,Accuracy,F1-macro,ROC-AUC,CV F1 (5-fold),Score
LightGBM,0.9764,0.9757,0.9971,0.9245,0.9842599999999999
XGBoost,0.9685,0.9673,0.9949,0.9254,0.97834
RandomForest (baseline),0.9606,0.9601,0.9959,0.9325,0.97442
